resno,location_id,locationDetail_id,foodType_id,fno,fnm,price
1,1,1,1,1,멜란자네,8500
1,1,1,1,2,부라타바질페스토,9000
1,1,1,1,3,미트볼,5000
1,1,1,1,4,마르게리타,6000
1,1,1,1,5,트러플머시룸수프,7500
1,1,1,1,6,열무살시차,7500
1,1,1,1,7,파프리카,8500
1,1,1,1,8,살라미,9000
1,1,1,1,9,포르케타,17000
2,1,2,1,10,해산물뚝배기파스타,33000
2,1,2,1,11,화덕라구파스타,33000
2,1,2,1,12,어니언수프,18000
2,1,2,1,13,오늘의수프,10000
2,1,2,1,14,프렌치토스트,32000
2,1,2,1,15,빌드업샌드위치,32000
2,1,2,1,16,h450버거&감자튀김,36000
2,1,2,1,17,흑미샐러드,27000
2,1,2,1,18,마르게리타피자,30000
2,1,2,1,19,비프카르파치오,34000
3,1,3,1,20,마르게리타,24000
3,1,3,1,21,부라타에크루도,32000
3,1,3,1,22,아라비아타,30000
3,1,3,1,23,화이트라구,30000
3,1,3,1,24,뇨키,29000
4,1,4,1,25,콘체르토,27000
4,1,4,1,26,볼로네제라구,20000
4,1,4,1,27,포르치니리조토,20000
4,1,4,1,28,트러플파케리프로슈토,24000
4,1,4,1,29,아티초크모르타델라,26000
5,1,4,1,30,파스타,14900
5,1,4,1,31,샐러드,16500
5,1,4,1,32,피자,16900
6,1,4,1,33,나폴리피자,16500
6,1,4,1,34,감베리크레마,16500
6,1,4,1,35,봉골레파스타,18500
7,1,5,1,36,마노디셰프품격코스,89900
7,1,5,1,37,블루베리&루꼴라피자,32900
7,1,5,1,38,고르곤졸라&까망베르치즈피자,28900
7,1,5,1,39,스테이크피자,35900
7,1,5,1,40,감태페스토&문어뇨키,31900
7,1,5,1,41,참송이크림뇨키,28900
7,1,5,1,42,감태페스토&씨푸드보리리조토,32900
7,1,5,1,43,마르게리타피자,27900
8,1,5,1,44,치즈피자,7800
8,1,5,1,45,페퍼로니피자,8800
8,1,5,1,46,미트마니아피자,12500
8,1,5,1,47,스페셜콤비네이션,13800
8,1,5,1,48,치즈피자,17800
8,1,5,1,49,페퍼로니피자,18800
8,1,5,1,50,미트마니아피자,22800
8,1,5,1,51,스페셜콤비네이션,24800
8,1,5,1,52,치즈피자,25800
8,1,5,1,53,페퍼로니피자,28800
8,1,5,1,54,미트마니아피자,35800
8,1,5,1,55,스페셜콤비네이션,38800
9,1,5,1,56,소시지,20000
9,1,5,1,57,피자,20000
9,1,5,1,58,피시앤칩스,20000
10,1,6,1,59,마르게리타피자,26000
10,1,6,1,60,오소부코,48000
10,1,6,1,61,풍기크레마리조토,26000
10,1,6,1,62,명란파스타,27000
10,1,6,1,63,풍기크레마파스타,27000
10,1,6,1,64,디아볼라피자,29000
10,1,6,1,65,카르보나라피자,28000
10,1,6,1,66,살루쪼스페셜,32000
10,1,6,1,67,서로인스테이크,53000
11,1,7,1,68,주파디봉골레,15000
11,1,7,1,69,감베리크레마,19500
11,1,7,1,70,레지나,24000
11,1,7,1,71,이태리남부식문어샐러드,21000
11,1,7,1,72,부라타카프레제,23000
11,1,7,1,73,아라비아타,21000
11,1,7,1,74,감베로네,24000
11,1,7,1,75,마리나라,16000
12,1,7,1,76,풍기 깔조네,31000
12,1,7,1,77,지오반니 피자,29000
12,1,7,1,78,치즈휠 트러플 페투치니,39000
12,1,7,1,79,평일 런치 뷔페,32000
12,1,7,1,80,주빠 디 페셰,92000
12,1,7,1,81,비프 카르파치오,30000
12,1,7,1,82,양갈비 스테이크,64000
12,1,7,1,83,마르게리타 피자,26000
12,1,7,1,84,D.O.C 피자,29000
13,1,7,1,85,한우스테이크품격코스,89900
13,1,7,1,86,스테이크피자,35900
13,1,7,1,87,마르게리따피자,27900
13,1,7,1,88,홍새우비스크링귀니,33900
13,1,7,1,89,봉골레알리올리오파스타,27900
13,1,7,1,90,감태페스토&문어뇨끼,31900
13,1,7,1,91,참송이크림뇨끼,28900
13,1,7,1,92,프리미엄아보카도샐러드,22900
13,1,7,1,93,그릴드치킨&시저샐러드,19900
13,1,7,1,94,감태페스토&씨푸드보리리조또,32900
14,1,8,1,95,콥샐러드,20000
14,1,8,1,96,아마트리치아나파스타,21000
14,1,8,1,97,마르게리타피자,22000
14,1,8,1,98,크랩크림파스타,23000
14,1,8,1,99,크리스피라자냐,24000
14,1,8,1,100,크림감태새우리조토,24000
14,1,8,1,101,스칼렛요한슨파스타,26000
14,1,8,1,102,뽈뽀,28000
14,1,8,1,103,티본스테이크,105000
15,1,8,1,104,감자그라탕,9900
15,1,8,1,105,프로슈토크루도,10500
15,1,8,1,106,초리조,10500
15,1,8,1,107,페퍼로니,10500
15,1,8,1,108,매운치킨,10500
15,1,8,1,109,마르게리타,10500
15,1,8,1,110,포테이토,10500
15,1,8,1,111,머시룸,10500
15,1,8,1,112,기본피자세트,12500
15,1,8,1,113,머시룸크림파스타,15900
16,1,9,1,114,카르보나라수란크림파스타,13800
16,1,9,1,115,와규고르곤졸라크림파스타,18800
16,1,9,1,116,루콜라보코치니피자,24800
16,1,9,1,117,페페로니피자,24800
16,1,9,1,118,리코타바질페스토피자,25800
17,1,9,1,119,피자,14500
17,1,9,1,120,파스타,15000
18,1,11,1,121,알리오올리오,13000
18,1,11,1,122,카르보나라,13000
18,1,11,1,123,닭가슴살시저샐러드,14000
18,1,11,1,124,카프레제샐러드,15000
18,1,11,1,125,홍합파스타,17000
18,1,11,1,126,고로곤졸라피자,17000
18,1,11,1,127,연어크림파스타,18000
18,1,11,1,128,고로곤졸라안심크림파스타,21000
19,1,13,1,129,셰프스페셜코스,135000
19,1,13,1,130,디너코스,87000
19,1,13,1,131,디너코스,97000
19,1,13,1,132,런치코스,39000
19,1,13,1,133,런치코스,59000
19,1,13,1,134,시저샐러드,19500
19,1,13,1,135,버섯피자,28500
19,1,13,1,136,카프리치오사피자,32000
19,1,13,1,137,양갈비스테이크,65000
19,1,13,1,138,티본스테이크코스,115000
20,1,13,1,139,마르게리타피자,26000
20,1,13,1,140,마리나라피자,18000
20,1,13,1,141,알리오올리오,25000
20,1,13,1,142,토마토바질스타게티,26000
20,1,13,1,143,부라타치즈샐러드,29000
20,1,13,1,144,오징어먹물스파게티,29000
21,1,14,1,145,마르게리타,18000
21,1,14,1,146,라자냐,18000
21,1,14,1,147,마르게리타파초,23000
21,1,14,1,148,마르게리타콘살사차,23000
21,1,14,1,149,피칸테,23000
21,1,14,1,150,디아볼라,23000
21,1,14,1,151,고르곤졸라파초,23000
21,1,14,1,152,풍기파스타,23000
21,1,14,1,153,카르보나라,23000
21,1,14,1,154,프로슈토루콜라에피코,25000
22,1,15,1,155,모르타델라부라타,24900
22,1,15,1,156,바질리코,18900
22,1,15,1,157,크림소스칼조네 / 로제소스칼조네,21800
22,1,15,1,158,프로슈토크루도,21800
22,1,15,1,159,뇨키,19800
22,1,15,1,160,파케리라구,18900
22,1,15,1,161,제노베제,14900
22,1,15,1,162,스파게티감베리,15900
23,1,15,1,163,포장 기준│치즈피자,7900
23,1,15,1,164,포장 기준│치즈피자,12400
23,1,15,1,165,하프앤하프,14400
23,1,15,1,166,콰트로,16400
24,1,16,1,167,단호박 크림 수제 먹물 뇨끼,21000
24,1,16,1,168,스테이크 까르보나라,23000
24,1,16,1,169,잠봉피자,21000
24,1,16,1,170,스테이크 샐러드,23000
24,1,16,1,171,수비드 문어 샐러드,21000
24,1,16,1,172,라자냐,21000
24,1,16,1,173,봉골레 파스타,18000
24,1,16,1,174,마르게리따 피자,16000
24,1,16,1,175,수비드 채끝등심 스테이크,39000
24,1,16,1,176,양갈비 스테이크,49000
25,1,16,1,177,청양홍합오일파스타,9900
25,1,16,1,178,피칸고르곤졸라뇨끼,13900
25,1,16,1,179,고추장청양버섯뇨끼,13900
25,1,16,1,180,청양감바스올리오,13900
25,1,16,1,181,스테이크로제파스타,15900
25,1,16,1,182,참숯불고기피자,23900
25,1,16,1,183,루콜라허니리코타피자,23900
26,1,18,1,184,마르게리타,20000
26,1,18,1,185,화이트라구,26000
26,1,18,1,186,프로슈토에루콜라,27000
26,1,18,1,187,마리나라,16000
26,1,18,1,188,카르보나라,22000
26,1,18,1,189,아라비아타,23000
26,1,18,1,190,감베리로제,24000
26,1,18,1,191,살시차피칸테,26000
26,1,18,1,192,뇨키,26000
27,1,19,1,193,주꾸미오일파스타,20000
27,1,19,1,194,포르치니&트러플크림뇨키,22000
27,1,19,1,195,전복크림리조토,24000
27,1,19,1,196,브런치플레이트,18000
27,1,19,1,197,베이컨카르보나라,18000
27,1,19,1,198,슈림프로제파스타,19000
27,1,19,1,199,치킨스테이크리조토,22000
27,1,19,1,200,관자바질페스토파스타,23000
28,1,21,1,201,디아블로,13000
28,1,21,1,202,알리오올리오,13000
28,1,21,1,203,새우버섯오므라이스,14000
28,1,21,1,204,화이트라구파스타,14000
28,1,21,1,205,파네,16000
28,1,21,1,206,루콜라리코타피자,18000
28,1,21,1,207,마르게리타피자,18000
28,1,21,1,208,갈릭스노윙피자,18000
28,1,21,1,209,스테이크오므라이스,18900
28,1,21,1,210,국내산채끝스테이크,38000
28,1,21,1,211,.,38000
29,1,22,1,212,임빼라도피자,29000
29,1,22,1,213,치즈몬스터,26000
29,1,22,1,214,하프앤하프,29000
29,1,22,1,215,안초비감베리,24000
29,1,22,1,216,마레리조토,26000
29,1,22,1,217,엑스트라마르게리타,26000
29,1,22,1,218,씨뜨로,25000
30,1,22,1,219,카프레제꼬따,13500
30,1,22,1,220,마르게리타,16800
30,1,22,1,221,나폴레타나,17800
30,1,22,1,222,부라타샐러드,18500
30,1,22,1,223,풍기,18900
30,1,22,1,224,비스마르크,18900
30,1,22,1,225,모르타델라부라타,25800
30,1,22,1,226,부라타에프로슈토,28600
31,1,22,1,227,슈퍼라쿤즈피자,11300
31,1,22,1,228,반반피자,19800
31,1,22,1,229,반반피자,25800
31,1,22,1,230,슈퍼라쿤즈피자,26800
31,1,22,1,231,바질마스카포네피자,29800
31,1,22,1,232,페이보릿커플세트,31400
31,1,22,1,233,페이보릿커플세트,38400
32,1,22,1,234,샐러드,18000
32,1,22,1,235,청포도리코타치즈,19000
32,1,22,1,236,리조토,19000
32,1,22,1,237,화덕피자,29000
32,1,22,1,238,스테이크,39000
32,1,22,1,239,파스타,39000
33,1,22,1,240,트러플감자튀김,10000
33,1,22,1,241,아란치니,12000
33,1,22,1,242,파스타,14000
33,1,22,1,243,리소토,17000
33,1,22,1,244,피자,18000
33,1,22,1,245,프라임살치살스테이크,42000
34,1,23,1,246,제철생선오일파스타,26000
34,1,23,1,247,트러플크림뇨키,28000
34,1,23,1,248,계절샐러드,20000
34,1,23,1,249,카프레제,21000
34,1,23,1,250,포르치니리가토니,25000
34,1,23,1,251,새우버섯루콜라,26000
34,1,23,1,252,프로슈토루놀라,28000
34,1,23,1,253,보타르가파스타,34000
35,1,23,1,254,그린샐러드,10900
35,1,23,1,255,홈메이드리코타치즈샐러드,13900
35,1,23,1,256,포테이토피자,21000
35,1,23,1,257,단호박치즈피자,23000
35,1,23,1,258,알프레도머시룸피자,24000
35,1,23,1,259,포테이토페퍼로니피자,24000
